{
  "Aug 5, 2017 Vinnytsia": "5 августа 2017 г., Винница",
  "Dec 2, 2017, Mykolaiv IT Hub ": "2 декабря 2017, Николаевский ИТ-центр",
  "End date 2015": "Дата окончания 2015",
  "html_academy": "HTML Academy",
  "html_academy_desc": "Интерактивные входные курсы. Статистика пройденных курсов - 758 из 1 063 выполненных заданий. Также достигнуто 51 достижение",
  "my_web_tech_mykolaiv": "My Web Tech Mykolaiv",
  "my_web_tech_mykolaiv_desc": "MY WEB TECH - это конференция о веб-разработке и тестировании. Цель программы - познакомить разработчиков и инженеров QA с современными веб-технологиями. Лучшие специалисты Украины готовят выступления на основе реального опыта, чтобы обеспечить максимальную пользу участникам MY WEB TECH.",
  "vinnytsia_js_vinnytsia": "VinnytsiaJS(Винница)",
  "vinnytsia_js_vinnytsia_desc": "Приготовьтесь удивляться широте и глубине тем. Изучите возникающие тенденции. JavaScript подробно рассмотрен. Слушайте лучших ораторов. Выберите из более чем 10 сессий на различные темы. Поговорите со специалистами JS. Обмен идеями с коллегами. Исследуйте инновации и примите участие в сообществе JS. Не упустите одну из лучших возможностей поднять свою игру на новый уровень. Это уникальная возможность обучения и общения. Получите представление о будущем JavaScript и свяжитесь с сообществом."
}