{
  "front_end_developer": "Front-end разработчик",
  "iqstream": "IQstream",
  "iqstream_responsibility": "Разработка и поддержка сайтов с использованием технологий HTML5, JS и SCSS с препроцессором COMPASS. Создание кросс-браузерных, легко поддерживаемых и продуктивных решений с использованием модульного подхода. Использование Pixel Perfect и Goofle PageSpeed для оценки качества",
  "jan_2016": "Янв 2016",
  "jun_2016": "Июнь 2016",
  "junior_front_end_developer": "Junior Front-end разработчик",
  "present_time": "настоящее время",
  "sep_2015": "Сентябрь 2015",
  "template_monster": "Template Monster",
  "template_monster_responsibility": "Создание адаптивных, кросс-браузерных, оптимизированных, легко поддерживаемых шаблонов для Prestashop в соответствии с дизайном с использованием HTML5, JS, jQuery, SCSS, Bootstrap, Smarty, PHP, Webpack."
}