{
  "company": "Компания",
  "contacts": "Контакты",
  "courses": "Курсы, конференции",
  "degree": "Степень",
  "download_pdf": "Скачать PDF",
  "education": "Образование",
  "english": "Английский",
  "experience": "Опыт",
  "home": "Главная",
  "i_have_skills": "Есть опыт работы с",
  "month": "месяц(а)",
  "more": "Больше",
  "position": "Должность",
  "russia": "Русский",
  "status": "Статус",
  "ukraine": "Украинский",
  "year": "год(а)"
}