{
  "best_regard": "С наилучшими пожеланиями!",
  "current_status": "Нанят",
  "thank_you": "Спасибо что посетили эту страницу!",
  "user_about": "Привет! Я Frontend разработчик с 4+ лет опыта с JS. Владею продвинутыми знаниями JS (ECMAScript 6) и JS библиотеками , такими как jQuery, React.js, Redux, Redux-Saga. Отлично разбираюсь в  HTML5 и CSS3. Загляните в раздел с моим <1>опытом</1> и <3>образованием</3>. Люблю посещать различные  <5>конференции</5>.",
  "user_facebook": "wnetking",
  "user_github": "wnetking",
  "user_instagram": "wnetking",
  "user_name": "Кирилов Илья",
  "user_position": "Front End Team Lead"
}