{
  "Aug 5, 2017 Vinnytsia": "5 серпня 2017 р. Вінниця",
  "Dec 2, 2017, Mykolaiv IT Hub ": "2 грудня 2017 року, Миколаївський IT-центр",
  "End date 2015": "Дата закінчення 2015 року",
  "html_academy": "HTML Academy",
  "html_academy_desc": "Інтерактивні курси. Статистика переданих курсів - 758 з 1 063 завдань. Також досягнуто 51 досягнення.",
  "my_web_tech_mykolaiv": "My Web Tech Mykolaiv",
  "my_web_tech_mykolaiv_desc": "MY WEB TECH - це конференція про веб-розробку та тестування. Програма має на меті ознайомити розробників та інженерів з забезпечення якості з сучасними веб-технологіями. Кращі фахівці України готують доповіді на основі реального досвіду, щоб забезпечити максимальну користь для учасників MY WEB TECH.",
  "vinnytsia_js_vinnytsia": "VinnytsiaJS(Vinnytsia)",
  "vinnytsia_js_vinnytsia_desc": "Підготуйтеся до здивування широтою та глибиною тем. Досліджуйте виникаючі тенденції. Почуйте кращих спікерів. Вибирайте з більш ніж 10 сеансів з різних тем. Поговоріть з експертами JS. Обмінюйтеся ідеями з колегами. Досліджуйте інновації та беріть участь у спільноті JS.Не пропустіть одну з найкращих можливостей перенести свою гру на новий рівень. Це унікальна можливість навчання та спілкування. Отримати уявлення про майбутнє JavaScript і підключитися до спільноти."
}