{
  "front_end_developer": "Front end developer",
  "iqstream": "IQstream",
  "iqstream_responsibility": "Розробка та підтримка веб-сайтів з використанням технології HTML5, JS та SCSS з препроцесором COMPASS. Створення крос-браузерних, легко підтримуваних і продуктивних рішень з використанням модульного підходу. Використання Pixel Perfect і goofle PageSpeed для оцінки якості",
  "jan_2016": "Січня 2016",
  "jun_2016": "Черв. 2016",
  "junior_front_end_developer": "Junior Front-end developer",
  "present_time": "теперішній час",
  "sep_2015": "Вересень 2015",
  "template_monster": "Template Monster",
  "template_monster_responsibility": "Створення адаптивних, крос-браузерних, оптимізованих, легко підтримуваних шаблонів для Prestashop відповідно до дизайну з використанням HTML5, JS, jQuery, SCSS, Bootstrap, Smarty, PHP, Webpack."
}