{
  "company": "Компанія",
  "contacts": "Контакти",
  "courses": "Курси, конференція",
  "degree": "Ступінь",
  "download_pdf": "Завантажити PDF",
  "education": "Освіта",
  "english": "Англійська",
  "experience": "Досвід",
  "home": "Головна",
  "i_have_skills": "У мене є навички",
  "month": "місяць (и)",
  "more": "Більше",
  "position": "Позиція",
  "russia": "Російська",
  "status": "Статус",
  "ukraine": "Українська",
  "year": "рік (и)"
}