{
  "best_regard": "З повагою!",
  "current_status": "Працевлаштований",
  "thank_you": "Дякую за відвідування цієї сторінки!",
  "user_about": "Привіт! Я Frontend розробник з 4+ років досвіду з JS. Володію просунутими знаннями JS (ECMAScript 6) і JS бібліотеками, такими як jQuery, React.js, Redux, Redux-Saga. Відмінно знаюся на HTML5 та CSS3. Загляньте в розділ з моїм <1> досвідом </ 1 \"і\" 3> освітою </ 3>. Люблю відвідувати різні <5> конференції </ 5>.",
  "user_facebook": "wnetking",
  "user_github": "wnetking",
  "user_instagram": "wnetking",
  "user_name": "Кирилов Ілля",
  "user_position": "Front End Team Lead"
}