{
  "Aug 5, 2017 Vinnytsia": "Aug 5, 2017 Vinnytsia",
  "Dec 2, 2017, Mykolaiv IT Hub ": "Dec 2, 2017, Mykolaiv IT Hub ",
  "End date 2015": "End date 2015",
  "html_academy": "HTML Academy",
  "html_academy_desc": "Interactive front-end courses. Statistics of the passed courses - 758 from 1 063 tasks passed. Also achieved 51 achievements.",
  "my_web_tech_mykolaiv": "My Web Tech Mykolaiv",
  "my_web_tech_mykolaiv_desc": "MY WEB TECH is a conference about web development and testing. The program aims to acquaint developers and QA engineers with up-to-date web technologies. The best specialists of Ukraine prepare speeches based on real experience in order to provide maximum benefit for the participants of MY WEB TECH.",
  "vinnytsia_js_vinnytsia": "VinnytsiaJS(Vinnytsia)",
  "vinnytsia_js_vinnytsia_desc": "Prepare to be surprised by the breadth and depth of topics. Explore the emergent tendencies.JavaScript covered in depth. Hear the best speakers. Choose from more than 10 sessions on a variety of topics. Talk to JS experts. Exchange ideas with colleagues. Explore innovations and participate in the JS community.Don't miss out on one of the best opportunities to take your game to the next level. This is a unique learning and networking opportunity. Get insight into the future of JavaScript, and connect with the community."
}