{
  "front_end_developer": "Front end developer",
  "iqstream": "IQstream",
  "iqstream_responsibility": "Development and support of websites using HTML5, JS technology and SCSS with the COMPASS preprocessor. Creation of cross-browser, easily supported and productive solutions, using a modular approach. Using Pixel Perfect and goofle PageSpeed for quality evaluation",
  "jan_2016": "Jan 2016",
  "jun_2016": "Jun 2016",
  "junior_front_end_developer": "Junior Front-end developer",
  "present_time": "present time",
  "sep_2015": "Sep 2015",
  "template_monster": "Template Monster",
  "template_monster_responsibility": "Creation of adaptive, cross-browser, optimized,easily supported templates for Prestashop in accordance with the design using HTML5, JS, jQuery, SCSS, Bootstrap, Smarty, PHP, Webpack."
}