{
  "best_regard": "Best regard!",
  "current_status": "Employed",
  "thank_you": "Thank you that visited this page!",
  "user_about": "Hi, there! I'm Frontend developer with 3+ years of experience in JS. I've got a profound knowledge of JS (ECMAScript 6) and JS frameworks, such as jQuery, React.js. I have expert-level skills in HTML coding using HTML5 and CSS3. Look at my<1> expirience</1> and<3> education</3>. I like to visit different frontend<5> events</5>.",
  "user_facebook": "wnetking",
  "user_github": "wnetking",
  "user_instagram": "wnetking",
  "user_name": "Kyrylov Illya",
  "user_position": "Front End Developer"
}